country,input,layer,slope,region
ALB,hwk_h,L0,0.06653666157882017,Non-OECD
ALB,hwk_h,L1,0.0499189301815797,Non-OECD
ALB,hwk_h,L2,0.056147198556306725,Non-OECD
ALB,SDLEFF,L0,0.08704703064653212,Non-OECD
ALB,SDLEFF,L1,0.06667900400829836,Non-OECD
ALB,SDLEFF,L2,0.09487695776325634,Non-OECD
ALB,MATHEFF,L0,0.22447825414316427,Non-OECD
ALB,MATHEFF,L1,0.19306847505142347,Non-OECD
ALB,MATHEFF,L2,0.2190131130344331,Non-OECD
ALB,MATHMOT,L0,-0.12160828932081723,Non-OECD
ALB,MATHMOT,L1,-0.08007071157230988,Non-OECD
ALB,MATHMOT,L2,-0.18489593277420643,Non-OECD
ARE,hwk_h,L0,-0.06204643571085185,Non-OECD
ARE,hwk_h,L1,-0.05646649488344479,Non-OECD
ARE,hwk_h,L2,-0.06539298553394263,Non-OECD
ARE,SDLEFF,L0,0.16814394819981768,Non-OECD
ARE,SDLEFF,L1,0.12357334846178095,Non-OECD
ARE,SDLEFF,L2,0.13802253410661303,Non-OECD
ARE,MATHEFF,L0,0.3289551504513605,Non-OECD
ARE,MATHEFF,L1,0.28234262167004354,Non-OECD
ARE,MATHEFF,L2,0.3297228464140891,Non-OECD
ARE,MATHMOT,L0,-0.3184195644616636,Non-OECD
ARE,MATHMOT,L1,-0.21592087495975149,Non-OECD
ARE,MATHMOT,L2,-0.3309827986810645,Non-OECD
ARG,hwk_h,L0,-0.025202194940868332,Non-OECD
ARG,hwk_h,L1,-0.02669754631876792,Non-OECD
ARG,hwk_h,L2,-0.03775600099755522,Non-OECD
ARG,SDLEFF,L0,0.16027578500565676,Non-OECD
ARG,SDLEFF,L1,0.09524606098716977,Non-OECD
ARG,SDLEFF,L2,0.09785865845017722,Non-OECD
ARG,MATHEFF,L0,0.21783627324960236,Non-OECD
ARG,MATHEFF,L1,0.1716163423898711,Non-OECD
ARG,MATHEFF,L2,0.1920597896820103,Non-OECD
ARG,MATHMOT,L0,-0.040675622643987594,Non-OECD
ARG,MATHMOT,L1,-0.038958402071610214,Non-OECD
ARG,MATHMOT,L2,-0.07563225345184264,Non-OECD
AUS,hwk_h,L0,0.13902619660257368,OECD (other)
AUS,hwk_h,L1,0.10762570359717866,OECD (other)
AUS,hwk_h,L2,0.10495785069894495,OECD (other)
AUS,SDLEFF,L0,0.2278717041893322,OECD (other)
AUS,SDLEFF,L1,0.14976326060876113,OECD (other)
AUS,SDLEFF,L2,0.14911560919606293,OECD (other)
AUS,MATHEFF,L0,0.5005900047846265,OECD (other)
AUS,MATHEFF,L1,0.4326085612774465,OECD (other)
AUS,MATHEFF,L2,0.45870210995224114,OECD (other)
AUS,MATHMOT,L0,0.09367666746154207,OECD (other)
AUS,MATHMOT,L1,0.0916328185155811,OECD (other)
AUS,MATHMOT,L2,0.09298280534691174,OECD (other)
AUT,hwk_h,L0,-0.16048546756542753,OECD (other)
AUT,hwk_h,L1,-0.11837595322200473,OECD (other)
AUT,hwk_h,L2,-0.13365699205462908,OECD (other)
AUT,SDLEFF,L0,0.2145615614851167,OECD (other)
AUT,SDLEFF,L1,0.15665794740129307,OECD (other)
AUT,SDLEFF,L2,0.16540231001845912,OECD (other)
AUT,MATHEFF,L0,0.3922351663456739,OECD (other)
AUT,MATHEFF,L1,0.3042636339083963,OECD (other)
AUT,MATHEFF,L2,0.3145514834076122,OECD (other)
AUT,MATHMOT,L0,0.004102385126360196,OECD (other)
AUT,MATHMOT,L1,-0.0030635836987748626,OECD (other)
AUT,MATHMOT,L2,-0.048980678153006656,OECD (other)
BEL,hwk_h,L0,0.02759324439739515,OECD (other)
BEL,hwk_h,L1,-0.011649071695696981,OECD (other)
BEL,hwk_h,L2,-0.028072179436518296,OECD (other)
BEL,SDLEFF,L0,0.14379776100520655,OECD (other)
BEL,SDLEFF,L1,0.07606014132075739,OECD (other)
BEL,SDLEFF,L2,0.07657777167885974,OECD (other)
BEL,MATHEFF,L0,0.344718164404174,OECD (other)
BEL,MATHEFF,L1,0.259235746193428,OECD (other)
BEL,MATHEFF,L2,0.2630841002951141,OECD (other)
BEL,MATHMOT,L0,0.24084982349989484,OECD (other)
BEL,MATHMOT,L1,0.1553328585361006,OECD (other)
BEL,MATHMOT,L2,0.16755651537002722,OECD (other)
BGR,hwk_h,L0,0.04049640166695355,Non-OECD
BGR,hwk_h,L1,0.01814794220761191,Non-OECD
BGR,hwk_h,L2,0.03164499293327968,Non-OECD
BGR,SDLEFF,L0,0.2027970850401218,Non-OECD
BGR,SDLEFF,L1,0.11715124962123004,Non-OECD
BGR,SDLEFF,L2,0.1403259015465995,Non-OECD
BGR,MATHEFF,L0,0.26973076881479885,Non-OECD
BGR,MATHEFF,L1,0.1988935828224405,Non-OECD
BGR,MATHEFF,L2,0.2316050480673391,Non-OECD
BGR,MATHMOT,L0,0.06092594940470192,Non-OECD
BGR,MATHMOT,L1,0.013513574089061309,Non-OECD
BGR,MATHMOT,L2,0.002642782959672294,Non-OECD
BRA,hwk_h,L0,0.00753769993443201,Non-OECD
BRA,hwk_h,L1,0.004785344939832228,Non-OECD
BRA,hwk_h,L2,0.0016233303489831292,Non-OECD
BRA,SDLEFF,L0,0.04349354402672583,Non-OECD
BRA,SDLEFF,L1,0.0019060479411422916,Non-OECD
BRA,SDLEFF,L2,-0.0034783570269177285,Non-OECD
BRA,MATHEFF,L0,0.2013445070549919,Non-OECD
BRA,MATHEFF,L1,0.15218109599506097,Non-OECD
BRA,MATHEFF,L2,0.18439006676086822,Non-OECD
BRA,MATHMOT,L0,0.06496805602372924,Non-OECD
BRA,MATHMOT,L1,0.08176373570645115,Non-OECD
BRA,MATHMOT,L2,0.10719629248973932,Non-OECD
BRN,hwk_h,L0,0.08377466049042022,Non-OECD
BRN,hwk_h,L1,0.05994941882868409,Non-OECD
BRN,hwk_h,L2,0.054652918303165335,Non-OECD
BRN,SDLEFF,L0,0.17108757637566516,Non-OECD
BRN,SDLEFF,L1,0.1036670970283304,Non-OECD
BRN,SDLEFF,L2,0.1130699225342397,Non-OECD
BRN,MATHEFF,L0,0.48542059929179826,Non-OECD
BRN,MATHEFF,L1,0.394395205990118,Non-OECD
BRN,MATHEFF,L2,0.41495375307449467,Non-OECD
BRN,MATHMOT,L0,-0.34617944866862604,Non-OECD
BRN,MATHMOT,L1,-0.1995440196200926,Non-OECD
BRN,MATHMOT,L2,-0.19983020954838698,Non-OECD
CAN,hwk_h,L0,-0.02043753632848968,OECD (other)
CAN,hwk_h,L1,-0.02884057001910835,OECD (other)
CAN,hwk_h,L2,-0.04241350000902555,OECD (other)
CAN,SDLEFF,L0,0.16461390421732774,OECD (other)
CAN,SDLEFF,L1,0.10921954826997485,OECD (other)
CAN,SDLEFF,L2,0.11070958371720825,OECD (other)
CAN,MATHEFF,L0,0.41461911213257424,OECD (other)
CAN,MATHEFF,L1,0.36453745104300583,OECD (other)
CAN,MATHEFF,L2,0.3791757283268835,OECD (other)
CAN,MATHMOT,L0,0.08079291077497916,OECD (other)
CAN,MATHMOT,L1,0.07516123390438398,OECD (other)
CAN,MATHMOT,L2,0.12890727004001096,OECD (other)
CHE,hwk_h,L0,-0.2195255490035068,OECD (other)
CHE,hwk_h,L1,-0.17104165652694336,OECD (other)
CHE,hwk_h,L2,-0.17524161296102256,OECD (other)
CHE,SDLEFF,L0,0.19912390688893614,OECD (other)
CHE,SDLEFF,L1,0.12443879202161959,OECD (other)
CHE,SDLEFF,L2,0.12561262027225661,OECD (other)
CHE,MATHEFF,L0,0.44569421004541504,OECD (other)
CHE,MATHEFF,L1,0.3477666223635608,OECD (other)
CHE,MATHEFF,L2,0.35652322100899275,OECD (other)
CHE,MATHMOT,L0,0.20192251581634257,OECD (other)
CHE,MATHMOT,L1,0.17819841546077536,OECD (other)
CHE,MATHMOT,L2,0.21862267232194893,OECD (other)
CHL,hwk_h,L0,-0.017736038109109165,OECD (other)
CHL,hwk_h,L1,-0.0274300702709424,OECD (other)
CHL,hwk_h,L2,-0.040222481235842565,OECD (other)
CHL,SDLEFF,L0,0.09913337926653762,OECD (other)
CHL,SDLEFF,L1,0.049955516517152146,OECD (other)
CHL,SDLEFF,L2,0.05371269863752119,OECD (other)
CHL,MATHEFF,L0,0.1868039380751787,OECD (other)
CHL,MATHEFF,L1,0.14543527212828047,OECD (other)
CHL,MATHEFF,L2,0.1630609574239377,OECD (other)
CHL,MATHMOT,L0,-0.0029322363628762767,OECD (other)
CHL,MATHMOT,L1,0.029706818327490926,OECD (other)
CHL,MATHMOT,L2,-0.005055176120100416,OECD (other)
COL,hwk_h,L0,0.05006600684558034,OECD (other)
COL,hwk_h,L1,0.017716069342282665,OECD (other)
COL,hwk_h,L2,0.013253331882206705,OECD (other)
COL,SDLEFF,L0,0.17500708254022576,OECD (other)
COL,SDLEFF,L1,0.09698046191886192,OECD (other)
COL,SDLEFF,L2,0.08834100868009914,OECD (other)
COL,MATHEFF,L0,0.21657470007670993,OECD (other)
COL,MATHEFF,L1,0.15143028544999598,OECD (other)
COL,MATHEFF,L2,0.1677494370402205,OECD (other)
COL,MATHMOT,L0,0.10748803561319778,OECD (other)
COL,MATHMOT,L1,0.08889969501002974,OECD (other)
COL,MATHMOT,L2,0.11283348156257414,OECD (other)
CZE,hwk_h,L0,-0.1816676159309578,OECD (other)
CZE,hwk_h,L1,-0.15090975271124732,OECD (other)
CZE,hwk_h,L2,-0.16706570213407243,OECD (other)
CZE,SDLEFF,L0,NA,OECD (other)
CZE,SDLEFF,L1,NA,OECD (other)
CZE,SDLEFF,L2,NA,OECD (other)
CZE,MATHEFF,L0,0.4384725860254055,OECD (other)
CZE,MATHEFF,L1,0.3399935197805577,OECD (other)
CZE,MATHEFF,L2,0.3652836375827556,OECD (other)
CZE,MATHMOT,L0,0.2263648701174418,OECD (other)
CZE,MATHMOT,L1,0.22518282480331978,OECD (other)
CZE,MATHMOT,L2,0.29130016563240024,OECD (other)
DEU,hwk_h,L0,-0.20237525741165854,OECD (other)
DEU,hwk_h,L1,-0.14502592594145816,OECD (other)
DEU,hwk_h,L2,-0.17846178760282305,OECD (other)
DEU,SDLEFF,L0,0.2032531314125623,OECD (other)
DEU,SDLEFF,L1,0.1242650695365257,OECD (other)
DEU,SDLEFF,L2,0.11998323990875882,OECD (other)
DEU,MATHEFF,L0,0.4136364110214997,OECD (other)
DEU,MATHEFF,L1,0.3109286735798061,OECD (other)
DEU,MATHEFF,L2,0.33796635353412313,OECD (other)
DEU,MATHMOT,L0,0.22266055604204796,OECD (other)
DEU,MATHMOT,L1,0.20805791580687133,OECD (other)
DEU,MATHMOT,L2,0.21560012429983286,OECD (other)
DNK,hwk_h,L0,-0.16145398035612446,Nordic
DNK,hwk_h,L1,-0.13858861419858667,Nordic
DNK,hwk_h,L2,-0.14627081403151615,Nordic
DNK,SDLEFF,L0,NA,Nordic
DNK,SDLEFF,L1,NA,Nordic
DNK,SDLEFF,L2,NA,Nordic
DNK,MATHEFF,L0,0.3912367756768446,Nordic
DNK,MATHEFF,L1,0.3505513923696317,Nordic
DNK,MATHEFF,L2,0.3641646334475398,Nordic
DNK,MATHMOT,L0,0.3094090414021197,Nordic
DNK,MATHMOT,L1,0.2708775161770506,Nordic
DNK,MATHMOT,L2,0.2804741417978803,Nordic
DOM,hwk_h,L0,0.027403001605310423,Non-OECD
DOM,hwk_h,L1,0.020391690559419053,Non-OECD
DOM,hwk_h,L2,0.02226575607721976,Non-OECD
DOM,SDLEFF,L0,0.11716039688021886,Non-OECD
DOM,SDLEFF,L1,0.0727675481655193,Non-OECD
DOM,SDLEFF,L2,0.08174841159088915,Non-OECD
DOM,MATHEFF,L0,0.0665508153925977,Non-OECD
DOM,MATHEFF,L1,0.05167661770686547,Non-OECD
DOM,MATHEFF,L2,0.05543219503138751,Non-OECD
DOM,MATHMOT,L0,-0.11416863212725248,Non-OECD
DOM,MATHMOT,L1,-0.041503303971013705,Non-OECD
DOM,MATHMOT,L2,-0.055931081567274624,Non-OECD
ESP,hwk_h,L0,-0.07792724592191994,OECD (other)
ESP,hwk_h,L1,-0.0865754274180835,OECD (other)
ESP,hwk_h,L2,-0.1013178636532734,OECD (other)
ESP,SDLEFF,L0,0.16503911456483952,OECD (other)
ESP,SDLEFF,L1,0.08560807568377261,OECD (other)
ESP,SDLEFF,L2,0.09661192940820951,OECD (other)
ESP,MATHEFF,L0,0.3603938580619143,OECD (other)
ESP,MATHEFF,L1,0.2652945208970112,OECD (other)
ESP,MATHEFF,L2,0.27522226974045577,OECD (other)
ESP,MATHMOT,L0,-0.06293224260724159,OECD (other)
ESP,MATHMOT,L1,0.012666337887777993,OECD (other)
ESP,MATHMOT,L2,-0.03293144927175251,OECD (other)
EST,hwk_h,L0,-0.14710975530417245,OECD (other)
EST,hwk_h,L1,-0.13464070193829772,OECD (other)
EST,hwk_h,L2,-0.16060554995831547,OECD (other)
EST,SDLEFF,L0,0.1927982179008776,OECD (other)
EST,SDLEFF,L1,0.13034027745699373,OECD (other)
EST,SDLEFF,L2,0.12897158142849424,OECD (other)
EST,MATHEFF,L0,0.39907982906843953,OECD (other)
EST,MATHEFF,L1,0.34298439551195203,OECD (other)
EST,MATHEFF,L2,0.3638925224120206,OECD (other)
EST,MATHMOT,L0,0.024267166683310703,OECD (other)
EST,MATHMOT,L1,0.031607818878635945,OECD (other)
EST,MATHMOT,L2,0.027030122202675023,OECD (other)
FIN,hwk_h,L0,-0.18928544428588615,Nordic
FIN,hwk_h,L1,-0.15125660709848557,Nordic
FIN,hwk_h,L2,-0.15397262190432884,Nordic
FIN,SDLEFF,L0,0.2033992061090709,Nordic
FIN,SDLEFF,L1,0.15699974778698522,Nordic
FIN,SDLEFF,L2,0.15515813136555637,Nordic
FIN,MATHEFF,L0,0.3849172207646498,Nordic
FIN,MATHEFF,L1,0.33879565878193746,Nordic
FIN,MATHEFF,L2,0.3592561701664821,Nordic
FIN,MATHMOT,L0,0.3461658916054232,Nordic
FIN,MATHMOT,L1,0.31198945940101297,Nordic
FIN,MATHMOT,L2,0.2919117816195306,Nordic
FRA,hwk_h,L0,-0.07640899432722581,OECD (other)
FRA,hwk_h,L1,-0.06879429880277191,OECD (other)
FRA,hwk_h,L2,-0.08451476722676257,OECD (other)
FRA,SDLEFF,L0,0.14807675169241669,OECD (other)
FRA,SDLEFF,L1,0.08538380520379635,OECD (other)
FRA,SDLEFF,L2,0.09639528769952732,OECD (other)
FRA,MATHEFF,L0,0.4075397384949363,OECD (other)
FRA,MATHEFF,L1,0.3104328030560422,OECD (other)
FRA,MATHEFF,L2,0.3275084207658538,OECD (other)
FRA,MATHMOT,L0,0.07662969922056558,OECD (other)
FRA,MATHMOT,L1,0.08362950697266064,OECD (other)
FRA,MATHMOT,L2,0.08813329468568928,OECD (other)
GBR,hwk_h,L0,0.01551455497366385,OECD (other)
GBR,hwk_h,L1,0.0054146938546361404,OECD (other)
GBR,hwk_h,L2,-0.011675038811106831,OECD (other)
GBR,SDLEFF,L0,0.1342875661971253,OECD (other)
GBR,SDLEFF,L1,0.08533019562600784,OECD (other)
GBR,SDLEFF,L2,0.0958285303298269,OECD (other)
GBR,MATHEFF,L0,0.48213123747497366,OECD (other)
GBR,MATHEFF,L1,0.43017317914411174,OECD (other)
GBR,MATHEFF,L2,0.4226862873839929,OECD (other)
GBR,MATHMOT,L0,0.07498757724902458,OECD (other)
GBR,MATHMOT,L1,0.09790050682751092,OECD (other)
GBR,MATHMOT,L2,0.14197186608476464,OECD (other)
GEO,hwk_h,L0,0.08251902708563229,Non-OECD
GEO,hwk_h,L1,0.0552615207548262,Non-OECD
GEO,hwk_h,L2,0.05489623959090797,Non-OECD
GEO,SDLEFF,L0,0.11971408991989865,Non-OECD
GEO,SDLEFF,L1,0.08766192449577108,Non-OECD
GEO,SDLEFF,L2,0.10647899257898123,Non-OECD
GEO,MATHEFF,L0,0.2899851530617967,Non-OECD
GEO,MATHEFF,L1,0.2503579688457353,Non-OECD
GEO,MATHEFF,L2,0.2870224634903593,Non-OECD
GEO,MATHMOT,L0,0.14854908113046997,Non-OECD
GEO,MATHMOT,L1,0.10904513380176499,Non-OECD
GEO,MATHMOT,L2,0.14617937988475102,Non-OECD
GRC,hwk_h,L0,0.08577237623964283,OECD (other)
GRC,hwk_h,L1,0.04600723832840142,OECD (other)
GRC,hwk_h,L2,0.03019873054290421,OECD (other)
GRC,SDLEFF,L0,0.12609462799998652,OECD (other)
GRC,SDLEFF,L1,0.08718728765346835,OECD (other)
GRC,SDLEFF,L2,0.09267647664595803,OECD (other)
GRC,MATHEFF,L0,0.3405578333576784,OECD (other)
GRC,MATHEFF,L1,0.28759784503232183,OECD (other)
GRC,MATHEFF,L2,0.31107665316857974,OECD (other)
GRC,MATHMOT,L0,-0.0014149766457569918,OECD (other)
GRC,MATHMOT,L1,-0.019719653373807395,OECD (other)
GRC,MATHMOT,L2,-0.034775655870937804,OECD (other)
GTM,hwk_h,L0,0.031148100067155477,Non-OECD
GTM,hwk_h,L1,0.017624553687717176,Non-OECD
GTM,hwk_h,L2,0.0188024255375499,Non-OECD
GTM,SDLEFF,L0,0.11335853526765877,Non-OECD
GTM,SDLEFF,L1,0.06765935241366253,Non-OECD
GTM,SDLEFF,L2,0.0828603929033219,Non-OECD
GTM,MATHEFF,L0,0.11590352819804656,Non-OECD
GTM,MATHEFF,L1,0.08048412306743936,Non-OECD
GTM,MATHEFF,L2,0.09582990259053888,Non-OECD
GTM,MATHMOT,L0,NA,Non-OECD
GTM,MATHMOT,L1,NA,Non-OECD
GTM,MATHMOT,L2,NA,Non-OECD
HKG,hwk_h,L0,0.004179973087555052,East Asia
HKG,hwk_h,L1,-0.01070906186796548,East Asia
HKG,hwk_h,L2,-0.043721163617832196,East Asia
HKG,SDLEFF,L0,0.16659267285955426,East Asia
HKG,SDLEFF,L1,0.11832566642503332,East Asia
HKG,SDLEFF,L2,0.10612412414570137,East Asia
HKG,MATHEFF,L0,0.36255095935895865,East Asia
HKG,MATHEFF,L1,0.3271794028390387,East Asia
HKG,MATHEFF,L2,0.32833331791010206,East Asia
HKG,MATHMOT,L0,0.14156972793683587,East Asia
HKG,MATHMOT,L1,0.1376439072852771,East Asia
HKG,MATHMOT,L2,0.0888085670657874,East Asia
HRV,hwk_h,L0,0.0620857703857408,Non-OECD
HRV,hwk_h,L1,0.03607864392815796,Non-OECD
HRV,hwk_h,L2,0.04611901247041678,Non-OECD
HRV,SDLEFF,L0,0.11204788459813438,Non-OECD
HRV,SDLEFF,L1,0.09248284829951482,Non-OECD
HRV,SDLEFF,L2,0.10107222527842058,Non-OECD
HRV,MATHEFF,L0,0.38829045748446606,Non-OECD
HRV,MATHEFF,L1,0.33463056624896814,Non-OECD
HRV,MATHEFF,L2,0.3469142428186612,Non-OECD
HRV,MATHMOT,L0,0.21672533310083514,Non-OECD
HRV,MATHMOT,L1,0.1923840749617996,Non-OECD
HRV,MATHMOT,L2,0.2616026129760435,Non-OECD
HUN,hwk_h,L0,-0.12743818508963237,OECD (other)
HUN,hwk_h,L1,-0.11226626448878062,OECD (other)
HUN,hwk_h,L2,-0.13154151548000023,OECD (other)
HUN,SDLEFF,L0,0.21881040665813803,OECD (other)
HUN,SDLEFF,L1,0.11972908061878494,OECD (other)
HUN,SDLEFF,L2,0.13240809558169372,OECD (other)
HUN,MATHEFF,L0,0.4527049257236981,OECD (other)
HUN,MATHEFF,L1,0.3439263722012484,OECD (other)
HUN,MATHEFF,L2,0.3560542490083311,OECD (other)
HUN,MATHMOT,L0,0.46548867092111246,OECD (other)
HUN,MATHMOT,L1,0.37905978891401826,OECD (other)
HUN,MATHMOT,L2,0.4484497305810044,OECD (other)
IDN,hwk_h,L0,0.04343424148693921,Non-OECD
IDN,hwk_h,L1,0.03338886479969905,Non-OECD
IDN,hwk_h,L2,0.04178259738879775,Non-OECD
IDN,SDLEFF,L0,0.06731801602976221,Non-OECD
IDN,SDLEFF,L1,0.03571569994460189,Non-OECD
IDN,SDLEFF,L2,0.04885645839066398,Non-OECD
IDN,MATHEFF,L0,NA,Non-OECD
IDN,MATHEFF,L1,NA,Non-OECD
IDN,MATHEFF,L2,NA,Non-OECD
IDN,MATHMOT,L0,-0.029708578495718556,Non-OECD
IDN,MATHMOT,L1,-0.01610427922229861,Non-OECD
IDN,MATHMOT,L2,-0.02949737556233941,Non-OECD
IRL,hwk_h,L0,-0.017031064093998877,OECD (other)
IRL,hwk_h,L1,-0.014354861009458379,OECD (other)
IRL,hwk_h,L2,-0.03880054564415361,OECD (other)
IRL,SDLEFF,L0,0.12482670705940037,OECD (other)
IRL,SDLEFF,L1,0.09216200071474094,OECD (other)
IRL,SDLEFF,L2,0.08172230603720533,OECD (other)
IRL,MATHEFF,L0,0.4118342833543501,OECD (other)
IRL,MATHEFF,L1,0.3601598781117648,OECD (other)
IRL,MATHEFF,L2,0.36586274841226957,OECD (other)
IRL,MATHMOT,L0,0.22439877789396057,OECD (other)
IRL,MATHMOT,L1,0.19137740399354725,OECD (other)
IRL,MATHMOT,L2,0.17261415963970944,OECD (other)
ISL,hwk_h,L0,-0.07311347607589017,Nordic
ISL,hwk_h,L1,-0.05882872660824336,Nordic
ISL,hwk_h,L2,-0.0649906476211914,Nordic
ISL,SDLEFF,L0,0.16547903641829534,Nordic
ISL,SDLEFF,L1,0.13233639997817254,Nordic
ISL,SDLEFF,L2,0.14240049881626915,Nordic
ISL,MATHEFF,L0,0.33395304093548855,Nordic
ISL,MATHEFF,L1,0.29942341584374793,Nordic
ISL,MATHEFF,L2,0.3152792824721203,Nordic
ISL,MATHMOT,L0,0.2582168477528414,Nordic
ISL,MATHMOT,L1,0.2599016484790403,Nordic
ISL,MATHMOT,L2,0.20959553862535915,Nordic
ISR,hwk_h,L0,0.02590036410792566,OECD (other)
ISR,hwk_h,L1,0.027246733998021005,OECD (other)
ISR,hwk_h,L2,0.022415556123584996,OECD (other)
ISR,SDLEFF,L0,0.1374215704149328,OECD (other)
ISR,SDLEFF,L1,0.10363685454482778,OECD (other)
ISR,SDLEFF,L2,0.09959671188091135,OECD (other)
ISR,MATHEFF,L0,0.31723066526193505,OECD (other)
ISR,MATHEFF,L1,0.26051589213777687,OECD (other)
ISR,MATHEFF,L2,0.26856246786268556,OECD (other)
ISR,MATHMOT,L0,0.28802426907483664,OECD (other)
ISR,MATHMOT,L1,0.21949213795239583,OECD (other)
ISR,MATHMOT,L2,0.23139449299458206,OECD (other)
ITA,hwk_h,L0,0.014377232014931565,OECD (other)
ITA,hwk_h,L1,-0.008650985722007313,OECD (other)
ITA,hwk_h,L2,-0.009653340434721646,OECD (other)
ITA,SDLEFF,L0,0.18730509386205407,OECD (other)
ITA,SDLEFF,L1,0.14286049001693107,OECD (other)
ITA,SDLEFF,L2,0.1327599165552983,OECD (other)
ITA,MATHEFF,L0,0.4254892873531347,OECD (other)
ITA,MATHEFF,L1,0.34990467530778224,OECD (other)
ITA,MATHEFF,L2,0.3680326492057719,OECD (other)
ITA,MATHMOT,L0,-0.032371505710235754,OECD (other)
ITA,MATHMOT,L1,-0.007529260832739882,OECD (other)
ITA,MATHMOT,L2,0.02843305436226172,OECD (other)
JAM,hwk_h,L0,-0.02932446670505366,Non-OECD
JAM,hwk_h,L1,-0.030546865757236558,Non-OECD
JAM,hwk_h,L2,-0.02891723746726678,Non-OECD
JAM,SDLEFF,L0,-0.0016924994883528058,Non-OECD
JAM,SDLEFF,L1,-0.020654019659922515,Non-OECD
JAM,SDLEFF,L2,-0.011769029797879858,Non-OECD
JAM,MATHEFF,L0,0.16249225830663347,Non-OECD
JAM,MATHEFF,L1,0.14455799623348883,Non-OECD
JAM,MATHEFF,L2,0.1700810967992749,Non-OECD
JAM,MATHMOT,L0,-0.018629211347505333,Non-OECD
JAM,MATHMOT,L1,-0.035185897292342304,Non-OECD
JAM,MATHMOT,L2,-0.03366753318985383,Non-OECD
JOR,hwk_h,L0,-0.03738465919179552,Non-OECD
JOR,hwk_h,L1,-0.028371818670754972,Non-OECD
JOR,hwk_h,L2,-0.03495106738882289,Non-OECD
JOR,SDLEFF,L0,0.045657832600162054,Non-OECD
JOR,SDLEFF,L1,0.021903181695792324,Non-OECD
JOR,SDLEFF,L2,0.037699518711013444,Non-OECD
JOR,MATHEFF,L0,0.12829434413115218,Non-OECD
JOR,MATHEFF,L1,0.10557342549317882,Non-OECD
JOR,MATHEFF,L2,0.10811974614119912,Non-OECD
JOR,MATHMOT,L0,-0.09281898354108475,Non-OECD
JOR,MATHMOT,L1,-0.06405868739523678,Non-OECD
JOR,MATHMOT,L2,-0.05650011033218122,Non-OECD
KAZ,hwk_h,L0,0.023908852771317043,Non-OECD
KAZ,hwk_h,L1,0.012175952082918471,Non-OECD
KAZ,hwk_h,L2,0.016350394677975666,Non-OECD
KAZ,SDLEFF,L0,0.14233841278230833,Non-OECD
KAZ,SDLEFF,L1,0.12405833606744694,Non-OECD
KAZ,SDLEFF,L2,0.1279866187402577,Non-OECD
KAZ,MATHEFF,L0,NA,Non-OECD
KAZ,MATHEFF,L1,NA,Non-OECD
KAZ,MATHEFF,L2,NA,Non-OECD
KAZ,MATHMOT,L0,0.1277605272332555,Non-OECD
KAZ,MATHMOT,L1,0.1266315578543237,Non-OECD
KAZ,MATHMOT,L2,0.17069442230637918,Non-OECD
KHM,hwk_h,L0,-0.007925536577223101,Non-OECD
KHM,hwk_h,L1,-0.007049233882677494,Non-OECD
KHM,hwk_h,L2,-0.008665805887737446,Non-OECD
KHM,SDLEFF,L0,0.1369304917834549,Non-OECD
KHM,SDLEFF,L1,0.09720811300281851,Non-OECD
KHM,SDLEFF,L2,0.10900281616241864,Non-OECD
KHM,MATHEFF,L0,0.09564172607837405,Non-OECD
KHM,MATHEFF,L1,0.0803501187216588,Non-OECD
KHM,MATHEFF,L2,0.09728935138647446,Non-OECD
KHM,MATHMOT,L0,NA,Non-OECD
KHM,MATHMOT,L1,NA,Non-OECD
KHM,MATHMOT,L2,NA,Non-OECD
KOR,hwk_h,L0,0.24169105430786625,East Asia
KOR,hwk_h,L1,0.18521545281590998,East Asia
KOR,hwk_h,L2,0.16827369324483674,East Asia
KOR,SDLEFF,L0,0.24956056559391554,East Asia
KOR,SDLEFF,L1,0.1753729493659243,East Asia
KOR,SDLEFF,L2,0.14334861633039164,East Asia
KOR,MATHEFF,L0,0.46106022788072254,East Asia
KOR,MATHEFF,L1,0.40965257677584455,East Asia
KOR,MATHEFF,L2,0.4143593260085375,East Asia
KOR,MATHMOT,L0,-0.052225026734808735,East Asia
KOR,MATHMOT,L1,-0.0072794651796970885,East Asia
KOR,MATHMOT,L2,-0.0635525408453277,East Asia
KSV,hwk_h,L0,0.021007098305859784,Non-OECD
KSV,hwk_h,L1,0.015512159840844182,Non-OECD
KSV,hwk_h,L2,0.02559455021177461,Non-OECD
KSV,SDLEFF,L0,0.08561209215382791,Non-OECD
KSV,SDLEFF,L1,0.06750220751399995,Non-OECD
KSV,SDLEFF,L2,0.07351957689963896,Non-OECD
KSV,MATHEFF,L0,0.16670264532258722,Non-OECD
KSV,MATHEFF,L1,0.14389532451325526,Non-OECD
KSV,MATHEFF,L2,0.15105972000359477,Non-OECD
KSV,MATHMOT,L0,0.029380991407403342,Non-OECD
KSV,MATHMOT,L1,0.01645833476713012,Non-OECD
KSV,MATHMOT,L2,0.00953259812032359,Non-OECD
LTU,hwk_h,L0,-0.024529224413402138,OECD (other)
LTU,hwk_h,L1,-0.05358010564298636,OECD (other)
LTU,hwk_h,L2,-0.06787616729435651,OECD (other)
LTU,SDLEFF,L0,0.1473203257057287,OECD (other)
LTU,SDLEFF,L1,0.0958779642482932,OECD (other)
LTU,SDLEFF,L2,0.09435271488893249,OECD (other)
LTU,MATHEFF,L0,0.37759910565325827,OECD (other)
LTU,MATHEFF,L1,0.3081582645219598,OECD (other)
LTU,MATHEFF,L2,0.3272796702739193,OECD (other)
LTU,MATHMOT,L0,0.02283602467397047,OECD (other)
LTU,MATHMOT,L1,-1.6463880151531006e-4,OECD (other)
LTU,MATHMOT,L2,0.01475123359893992,OECD (other)
LVA,hwk_h,L0,-0.06906916561886461,OECD (other)
LVA,hwk_h,L1,-0.08106187078937285,OECD (other)
LVA,hwk_h,L2,-0.08621396685419738,OECD (other)
LVA,SDLEFF,L0,0.12306016301113688,OECD (other)
LVA,SDLEFF,L1,0.07379633222303489,OECD (other)
LVA,SDLEFF,L2,0.07028625721286444,OECD (other)
LVA,MATHEFF,L0,0.3614937043841434,OECD (other)
LVA,MATHEFF,L1,0.30598031187490204,OECD (other)
LVA,MATHEFF,L2,0.3234487591278506,OECD (other)
LVA,MATHMOT,L0,0.08746289201754455,OECD (other)
LVA,MATHMOT,L1,0.09123480684639698,OECD (other)
LVA,MATHMOT,L2,0.08220966857688866,OECD (other)
MAC,hwk_h,L0,-0.00454101599769889,East Asia
MAC,hwk_h,L1,-0.035899550958521806,East Asia
MAC,hwk_h,L2,-0.051576304784046116,East Asia
MAC,SDLEFF,L0,0.20079460046689113,East Asia
MAC,SDLEFF,L1,0.1536436376425075,East Asia
MAC,SDLEFF,L2,0.13668283100098363,East Asia
MAC,MATHEFF,L0,0.4057088501548584,East Asia
MAC,MATHEFF,L1,0.33522303772028855,East Asia
MAC,MATHEFF,L2,0.33977172932898125,East Asia
MAC,MATHMOT,L0,-0.023313315377144768,East Asia
MAC,MATHMOT,L1,-0.04798888539824373,East Asia
MAC,MATHMOT,L2,-0.10160936298728877,East Asia
MAR,hwk_h,L0,0.03199429957068366,Non-OECD
MAR,hwk_h,L1,0.013947233208102679,Non-OECD
MAR,hwk_h,L2,0.016163802682047285,Non-OECD
MAR,SDLEFF,L0,0.10021770506747679,Non-OECD
MAR,SDLEFF,L1,0.05191696235294617,Non-OECD
MAR,SDLEFF,L2,0.0533992315079337,Non-OECD
MAR,MATHEFF,L0,0.15976781922435004,Non-OECD
MAR,MATHEFF,L1,0.10200577382415132,Non-OECD
MAR,MATHEFF,L2,0.11026333924687601,Non-OECD
MAR,MATHMOT,L0,0.06409792938582998,Non-OECD
MAR,MATHMOT,L1,0.044386116419174185,Non-OECD
MAR,MATHMOT,L2,0.04280977766362277,Non-OECD
MDA,hwk_h,L0,0.0118318581123269,Non-OECD
MDA,hwk_h,L1,-0.012223972097972715,Non-OECD
MDA,hwk_h,L2,-0.014397906655621866,Non-OECD
MDA,SDLEFF,L0,0.19112529538817324,Non-OECD
MDA,SDLEFF,L1,0.12796634320661207,Non-OECD
MDA,SDLEFF,L2,0.1341963020311528,Non-OECD
MDA,MATHEFF,L0,0.31118910299183494,Non-OECD
MDA,MATHEFF,L1,0.25492625991688955,Non-OECD
MDA,MATHEFF,L2,0.28076502606356835,Non-OECD
MDA,MATHMOT,L0,0.16476237409460584,Non-OECD
MDA,MATHMOT,L1,0.14097664592831577,Non-OECD
MDA,MATHMOT,L2,0.1465256060377897,Non-OECD
MEX,hwk_h,L0,0.03717096253019075,OECD (other)
MEX,hwk_h,L1,0.030722776224627563,OECD (other)
MEX,hwk_h,L2,0.027998279429535,OECD (other)
MEX,SDLEFF,L0,0.09966621110221209,OECD (other)
MEX,SDLEFF,L1,0.06889116936880224,OECD (other)
MEX,SDLEFF,L2,0.07332386850193527,OECD (other)
MEX,MATHEFF,L0,0.20697164993101003,OECD (other)
MEX,MATHEFF,L1,0.174779373269148,OECD (other)
MEX,MATHEFF,L2,0.19472861159009444,OECD (other)
MEX,MATHMOT,L0,-0.07690941628357165,OECD (other)
MEX,MATHMOT,L1,-0.0467080333454535,OECD (other)
MEX,MATHMOT,L2,-0.019929979150481017,OECD (other)
MKD,hwk_h,L0,-0.003920472345998409,Non-OECD
MKD,hwk_h,L1,-0.012610654268604223,Non-OECD
MKD,hwk_h,L2,-0.014747491038060457,Non-OECD
MKD,SDLEFF,L0,0.10702910618761571,Non-OECD
MKD,SDLEFF,L1,0.07569825013586844,Non-OECD
MKD,SDLEFF,L2,0.07672157176778617,Non-OECD
MKD,MATHEFF,L0,0.1897966343985123,Non-OECD
MKD,MATHEFF,L1,0.14853716713727402,Non-OECD
MKD,MATHEFF,L2,0.16261107599556532,Non-OECD
MKD,MATHMOT,L0,0.20148734254537398,Non-OECD
MKD,MATHMOT,L1,0.19780768437860927,Non-OECD
MKD,MATHMOT,L2,0.2371474938166814,Non-OECD
MLT,hwk_h,L0,0.020281199854333652,Non-OECD
MLT,hwk_h,L1,0.00970179990157259,Non-OECD
MLT,hwk_h,L2,-0.01417238370989764,Non-OECD
MLT,SDLEFF,L0,0.14198083074359277,Non-OECD
MLT,SDLEFF,L1,0.1129943682576044,Non-OECD
MLT,SDLEFF,L2,0.08881143273671926,Non-OECD
MLT,MATHEFF,L0,0.4217794819212843,Non-OECD
MLT,MATHEFF,L1,0.37358801636595246,Non-OECD
MLT,MATHEFF,L2,0.37951835807127826,Non-OECD
MLT,MATHMOT,L0,-0.0028933589391865722,Non-OECD
MLT,MATHMOT,L1,0.04516553790179573,Non-OECD
MLT,MATHMOT,L2,-0.002069455443877849,Non-OECD
MNE,hwk_h,L0,0.04187626653807182,Non-OECD
MNE,hwk_h,L1,0.026176864234477515,Non-OECD
MNE,hwk_h,L2,0.021939154605724893,Non-OECD
MNE,SDLEFF,L0,0.12156451229908173,Non-OECD
MNE,SDLEFF,L1,0.08638039075678176,Non-OECD
MNE,SDLEFF,L2,0.09313342704956486,Non-OECD
MNE,MATHEFF,L0,0.19632628978621194,Non-OECD
MNE,MATHEFF,L1,0.16970646271690476,Non-OECD
MNE,MATHEFF,L2,0.19065776109879232,Non-OECD
MNE,MATHMOT,L0,0.04783310486805905,Non-OECD
MNE,MATHMOT,L1,0.0696617965768612,Non-OECD
MNE,MATHMOT,L2,0.08995832800524323,Non-OECD
MNG,hwk_h,L0,0.0506104888541034,Non-OECD
MNG,hwk_h,L1,0.028913091976518708,Non-OECD
MNG,hwk_h,L2,0.037229626409523583,Non-OECD
MNG,SDLEFF,L0,0.1330448626476516,Non-OECD
MNG,SDLEFF,L1,0.07218669180302878,Non-OECD
MNG,SDLEFF,L2,0.08614806214314912,Non-OECD
MNG,MATHEFF,L0,0.2465618872321465,Non-OECD
MNG,MATHEFF,L1,0.19986400699541404,Non-OECD
MNG,MATHEFF,L2,0.2309104132629117,Non-OECD
MNG,MATHMOT,L0,0.11316446913511084,Non-OECD
MNG,MATHMOT,L1,0.08965323027922249,Non-OECD
MNG,MATHMOT,L2,0.0879842832990754,Non-OECD
MYS,hwk_h,L0,0.09231308804960837,Non-OECD
MYS,hwk_h,L1,0.05631447142905027,Non-OECD
MYS,hwk_h,L2,0.057131223320688644,Non-OECD
MYS,SDLEFF,L0,0.2333527540773133,Non-OECD
MYS,SDLEFF,L1,0.1437531532529704,Non-OECD
MYS,SDLEFF,L2,0.14602205388178538,Non-OECD
MYS,MATHEFF,L0,0.33493063207111107,Non-OECD
MYS,MATHEFF,L1,0.2600829396599787,Non-OECD
MYS,MATHEFF,L2,0.28693998161642037,Non-OECD
MYS,MATHMOT,L0,-0.014652070663311655,Non-OECD
MYS,MATHMOT,L1,0.07170987112246581,Non-OECD
MYS,MATHMOT,L2,0.026588429560519558,Non-OECD
NLD,hwk_h,L0,0.04634521942950661,OECD (other)
NLD,hwk_h,L1,0.03147930928110448,OECD (other)
NLD,hwk_h,L2,0.006317505324604555,OECD (other)
NLD,SDLEFF,L0,0.1365631414999958,OECD (other)
NLD,SDLEFF,L1,0.09503721533206734,OECD (other)
NLD,SDLEFF,L2,0.08319205504917881,OECD (other)
NLD,MATHEFF,L0,0.38674059609631345,OECD (other)
NLD,MATHEFF,L1,0.3348920953508687,OECD (other)
NLD,MATHEFF,L2,0.3408516655424141,OECD (other)
NLD,MATHMOT,L0,0.018671566810518164,OECD (other)
NLD,MATHMOT,L1,-0.01103826803123383,OECD (other)
NLD,MATHMOT,L2,-0.0016743011327158967,OECD (other)
NZL,hwk_h,L0,0.05528463984015343,OECD (other)
NZL,hwk_h,L1,0.047809057291331045,OECD (other)
NZL,hwk_h,L2,0.05142901483249629,OECD (other)
NZL,SDLEFF,L0,0.20874153334470244,OECD (other)
NZL,SDLEFF,L1,0.12875183213526067,OECD (other)
NZL,SDLEFF,L2,0.14743437757075206,OECD (other)
NZL,MATHEFF,L0,0.49022135880458023,OECD (other)
NZL,MATHEFF,L1,0.42035823730805866,OECD (other)
NZL,MATHEFF,L2,0.449201966918757,OECD (other)
NZL,MATHMOT,L0,-0.0034286396726647184,OECD (other)
NZL,MATHMOT,L1,0.012779235334232681,OECD (other)
NZL,MATHMOT,L2,0.06864823489465509,OECD (other)
PAN,hwk_h,L0,0.028186148579453788,Non-OECD
PAN,hwk_h,L1,0.013859583855174494,Non-OECD
PAN,hwk_h,L2,0.007233902230185447,Non-OECD
PAN,SDLEFF,L0,0.1486981370653432,Non-OECD
PAN,SDLEFF,L1,0.09086800492742626,Non-OECD
PAN,SDLEFF,L2,0.10463801659542138,Non-OECD
PAN,MATHEFF,L0,0.18339756335825852,Non-OECD
PAN,MATHEFF,L1,0.13565227034456964,Non-OECD
PAN,MATHEFF,L2,0.16513487133878263,Non-OECD
PAN,MATHMOT,L0,-0.09073679207653818,Non-OECD
PAN,MATHMOT,L1,-0.002551363911120571,Non-OECD
PAN,MATHMOT,L2,-0.031241864096190793,Non-OECD
PER,hwk_h,L0,0.05608741310455515,Non-OECD
PER,hwk_h,L1,0.03723430521314663,Non-OECD
PER,hwk_h,L2,0.031944905088242666,Non-OECD
PER,SDLEFF,L0,0.17720066487549863,Non-OECD
PER,SDLEFF,L1,0.10120231888951763,Non-OECD
PER,SDLEFF,L2,0.10527891017087268,Non-OECD
PER,MATHEFF,L0,0.21684481331464925,Non-OECD
PER,MATHEFF,L1,0.16637958036452327,Non-OECD
PER,MATHEFF,L2,0.18661049925626036,Non-OECD
PER,MATHMOT,L0,0.1562944636962527,Non-OECD
PER,MATHMOT,L1,0.13595592199757991,Non-OECD
PER,MATHMOT,L2,0.1364529355957426,Non-OECD
PHL,hwk_h,L0,0.044979195371126005,Non-OECD
PHL,hwk_h,L1,0.024114294927993905,Non-OECD
PHL,hwk_h,L2,0.02860440768361344,Non-OECD
PHL,SDLEFF,L0,0.09149200859426308,Non-OECD
PHL,SDLEFF,L1,0.04140241226848205,Non-OECD
PHL,SDLEFF,L2,0.0518316157449359,Non-OECD
PHL,MATHEFF,L0,0.07113848281660258,Non-OECD
PHL,MATHEFF,L1,0.05803179900089231,Non-OECD
PHL,MATHEFF,L2,0.06101043403335445,Non-OECD
PHL,MATHMOT,L0,-0.2223145972567321,Non-OECD
PHL,MATHMOT,L1,-0.07609315265728872,Non-OECD
PHL,MATHMOT,L2,-0.09754748438442992,Non-OECD
POL,hwk_h,L0,-0.010572535553098571,OECD (other)
POL,hwk_h,L1,-0.03190119574543337,OECD (other)
POL,hwk_h,L2,-0.04049148114535232,OECD (other)
POL,SDLEFF,L0,0.0807728242924675,OECD (other)
POL,SDLEFF,L1,0.020031066173924982,OECD (other)
POL,SDLEFF,L2,0.020086959775269652,OECD (other)
POL,MATHEFF,L0,0.3401324633404476,OECD (other)
POL,MATHEFF,L1,0.2764408488746244,OECD (other)
POL,MATHEFF,L2,0.29642694494095745,OECD (other)
POL,MATHMOT,L0,0.3877169151639949,OECD (other)
POL,MATHMOT,L1,0.3201983778541035,OECD (other)
POL,MATHMOT,L2,0.3963659844080956,OECD (other)
PRT,hwk_h,L0,0.025519216529763186,OECD (other)
PRT,hwk_h,L1,-0.0027327831583695054,OECD (other)
PRT,hwk_h,L2,-0.019656492229356278,OECD (other)
PRT,SDLEFF,L0,0.14571624213967124,OECD (other)
PRT,SDLEFF,L1,0.07253248473111608,OECD (other)
PRT,SDLEFF,L2,0.07570813918697443,OECD (other)
PRT,MATHEFF,L0,0.36496349747664664,OECD (other)
PRT,MATHEFF,L1,0.25475252871171156,OECD (other)
PRT,MATHEFF,L2,0.27878678926127626,OECD (other)
PRT,MATHMOT,L0,0.016581014355581642,OECD (other)
PRT,MATHMOT,L1,0.10259943841292295,OECD (other)
PRT,MATHMOT,L2,0.05370676821352665,OECD (other)
PRY,hwk_h,L0,-0.028677990532718568,Non-OECD
PRY,hwk_h,L1,-0.019833615940449283,Non-OECD
PRY,hwk_h,L2,-0.024283111907659662,Non-OECD
PRY,SDLEFF,L0,0.14336952090460944,Non-OECD
PRY,SDLEFF,L1,0.09468887824674944,Non-OECD
PRY,SDLEFF,L2,0.09907215705562902,Non-OECD
PRY,MATHEFF,L0,0.14808129805636314,Non-OECD
PRY,MATHEFF,L1,0.11299326104528658,Non-OECD
PRY,MATHEFF,L2,0.11804636971765146,Non-OECD
PRY,MATHMOT,L0,NA,Non-OECD
PRY,MATHMOT,L1,NA,Non-OECD
PRY,MATHMOT,L2,NA,Non-OECD
PSE,hwk_h,L0,-0.06634091469048592,Non-OECD
PSE,hwk_h,L1,-0.05170153930463978,Non-OECD
PSE,hwk_h,L2,-0.05420343729120596,Non-OECD
PSE,SDLEFF,L0,0.08523873707379061,Non-OECD
PSE,SDLEFF,L1,0.04847281139045435,Non-OECD
PSE,SDLEFF,L2,0.05399322465435385,Non-OECD
PSE,MATHEFF,L0,0.15887033063793085,Non-OECD
PSE,MATHEFF,L1,0.12386046730859956,Non-OECD
PSE,MATHEFF,L2,0.13941743133844575,Non-OECD
PSE,MATHMOT,L0,0.01111707070324806,Non-OECD
PSE,MATHMOT,L1,0.04483116291840601,Non-OECD
PSE,MATHMOT,L2,0.034051290283060615,Non-OECD
QAT,hwk_h,L0,-0.013867011124323071,Non-OECD
QAT,hwk_h,L1,-0.026003107472159188,Non-OECD
QAT,hwk_h,L2,-0.02339570509918118,Non-OECD
QAT,SDLEFF,L0,0.14921122880352242,Non-OECD
QAT,SDLEFF,L1,0.10043061634932518,Non-OECD
QAT,SDLEFF,L2,0.09842514704238167,Non-OECD
QAT,MATHEFF,L0,0.2882550472084469,Non-OECD
QAT,MATHEFF,L1,0.2286209835951191,Non-OECD
QAT,MATHEFF,L2,0.27445722049386595,Non-OECD
QAT,MATHMOT,L0,-0.37647377696764395,Non-OECD
QAT,MATHMOT,L1,-0.23699473552513847,Non-OECD
QAT,MATHMOT,L2,-0.22848614402194523,Non-OECD
QAZ,hwk_h,L0,0.08881410265871913,Non-OECD
QAZ,hwk_h,L1,0.07111381330156914,Non-OECD
QAZ,hwk_h,L2,0.06678372445839502,Non-OECD
QAZ,SDLEFF,L0,0.06440256201828945,Non-OECD
QAZ,SDLEFF,L1,0.05364822743227461,Non-OECD
QAZ,SDLEFF,L2,0.05118818030674676,Non-OECD
QAZ,MATHEFF,L0,0.2018939401456077,Non-OECD
QAZ,MATHEFF,L1,0.18131288673519033,Non-OECD
QAZ,MATHEFF,L2,0.19653803254496113,Non-OECD
QAZ,MATHMOT,L0,0.16433917454545993,Non-OECD
QAZ,MATHMOT,L1,0.15390916512058525,Non-OECD
QAZ,MATHMOT,L2,0.13205588052382705,Non-OECD
QUR,hwk_h,L0,0.09094044503705344,Non-OECD
QUR,hwk_h,L1,0.05333702024433373,Non-OECD
QUR,hwk_h,L2,0.0587412995661108,Non-OECD
QUR,SDLEFF,L0,0.20601060065268018,Non-OECD
QUR,SDLEFF,L1,0.13712257771614508,Non-OECD
QUR,SDLEFF,L2,0.16487418900990505,Non-OECD
QUR,MATHEFF,L0,0.3444538173772673,Non-OECD
QUR,MATHEFF,L1,0.2824898221269173,Non-OECD
QUR,MATHEFF,L2,0.3044379130246483,Non-OECD
QUR,MATHMOT,L0,0.23308531857183068,Non-OECD
QUR,MATHMOT,L1,0.2037602799921263,Non-OECD
QUR,MATHMOT,L2,0.3132473672636394,Non-OECD
ROU,hwk_h,L0,0.08283754098210656,Non-OECD
ROU,hwk_h,L1,0.05726255720731403,Non-OECD
ROU,hwk_h,L2,0.06600486409981557,Non-OECD
ROU,SDLEFF,L0,0.17130340551582918,Non-OECD
ROU,SDLEFF,L1,0.08739101168703968,Non-OECD
ROU,SDLEFF,L2,0.08418986967315635,Non-OECD
ROU,MATHEFF,L0,0.27657771413962373,Non-OECD
ROU,MATHEFF,L1,0.19677019886112265,Non-OECD
ROU,MATHEFF,L2,0.2175187147175358,Non-OECD
ROU,MATHMOT,L0,0.2789510856924651,Non-OECD
ROU,MATHMOT,L1,0.1997374142965429,Non-OECD
ROU,MATHMOT,L2,0.20238799251057865,Non-OECD
SAU,hwk_h,L0,-0.07285278541193912,Non-OECD
SAU,hwk_h,L1,-0.066394751701934,Non-OECD
SAU,hwk_h,L2,-0.05428123256663529,Non-OECD
SAU,SDLEFF,L0,0.10696714798840545,Non-OECD
SAU,SDLEFF,L1,0.09281883322551164,Non-OECD
SAU,SDLEFF,L2,0.08758039204102729,Non-OECD
SAU,MATHEFF,L0,0.15336746593992556,Non-OECD
SAU,MATHEFF,L1,0.134276945234512,Non-OECD
SAU,MATHEFF,L2,0.14419269331093065,Non-OECD
SAU,MATHMOT,L0,-0.06774685064191299,Non-OECD
SAU,MATHMOT,L1,-0.037036713135765814,Non-OECD
SAU,MATHMOT,L2,-0.036342767332597545,Non-OECD
SGP,hwk_h,L0,0.08786933733088581,East Asia
SGP,hwk_h,L1,0.06355360465415474,East Asia
SGP,hwk_h,L2,0.02659236770706933,East Asia
SGP,SDLEFF,L0,NA,East Asia
SGP,SDLEFF,L1,NA,East Asia
SGP,SDLEFF,L2,NA,East Asia
SGP,MATHEFF,L0,0.4992114108717974,East Asia
SGP,MATHEFF,L1,0.40985845622111194,East Asia
SGP,MATHEFF,L2,0.37978535069819325,East Asia
SGP,MATHMOT,L0,-0.09654303604602912,East Asia
SGP,MATHMOT,L1,0.04235906893326822,East Asia
SGP,MATHMOT,L2,0.031881526535998565,East Asia
SLV,hwk_h,L0,0.04039866462135889,Non-OECD
SLV,hwk_h,L1,0.0156536278661505,Non-OECD
SLV,hwk_h,L2,0.013706251456611028,Non-OECD
SLV,SDLEFF,L0,0.12540267051415516,Non-OECD
SLV,SDLEFF,L1,0.07955548115987125,Non-OECD
SLV,SDLEFF,L2,0.08788980003439861,Non-OECD
SLV,MATHEFF,L0,NA,Non-OECD
SLV,MATHEFF,L1,NA,Non-OECD
SLV,MATHEFF,L2,NA,Non-OECD
SLV,MATHMOT,L0,0.020676097333547774,Non-OECD
SLV,MATHMOT,L1,0.034396806591692426,Non-OECD
SLV,MATHMOT,L2,-0.020398677881930404,Non-OECD
SRB,hwk_h,L0,0.02757401136893416,Non-OECD
SRB,hwk_h,L1,-0.005553675913797661,Non-OECD
SRB,hwk_h,L2,-0.0017802053798494112,Non-OECD
SRB,SDLEFF,L0,0.0951129902467018,Non-OECD
SRB,SDLEFF,L1,0.06532683315384297,Non-OECD
SRB,SDLEFF,L2,0.06827483798561404,Non-OECD
SRB,MATHEFF,L0,0.3121384501034155,Non-OECD
SRB,MATHEFF,L1,0.2666331404002493,Non-OECD
SRB,MATHEFF,L2,0.27577301032823237,Non-OECD
SRB,MATHMOT,L0,0.09556774171033183,Non-OECD
SRB,MATHMOT,L1,0.0507082398306058,Non-OECD
SRB,MATHMOT,L2,0.08099166589109899,Non-OECD
SVK,hwk_h,L0,-0.0848364189188403,OECD (other)
SVK,hwk_h,L1,-0.08536079939765963,OECD (other)
SVK,hwk_h,L2,-0.08869634066889304,OECD (other)
SVK,SDLEFF,L0,0.20111561222789462,OECD (other)
SVK,SDLEFF,L1,0.10945216770907201,OECD (other)
SVK,SDLEFF,L2,0.10732381374398095,OECD (other)
SVK,MATHEFF,L0,0.3490218243677029,OECD (other)
SVK,MATHEFF,L1,0.25583737149676883,OECD (other)
SVK,MATHEFF,L2,0.2668787652212533,OECD (other)
SVK,MATHMOT,L0,-0.06589088137875308,OECD (other)
SVK,MATHMOT,L1,-0.013396829742609319,OECD (other)
SVK,MATHMOT,L2,0.03557468048803872,OECD (other)
SVN,hwk_h,L0,-0.0862849205823911,OECD (other)
SVN,hwk_h,L1,-0.07493709085707363,OECD (other)
SVN,hwk_h,L2,-0.08623785443160172,OECD (other)
SVN,SDLEFF,L0,0.0929154180058066,OECD (other)
SVN,SDLEFF,L1,0.05098831121587186,OECD (other)
SVN,SDLEFF,L2,0.04680095124788073,OECD (other)
SVN,MATHEFF,L0,0.31981904192412103,OECD (other)
SVN,MATHEFF,L1,0.25817753030237517,OECD (other)
SVN,MATHEFF,L2,0.27732697999163464,OECD (other)
SVN,MATHMOT,L0,0.11700094532234653,OECD (other)
SVN,MATHMOT,L1,0.12071342462560823,OECD (other)
SVN,MATHMOT,L2,0.08029822479787023,OECD (other)
SWE,hwk_h,L0,-0.2169310439784928,Nordic
SWE,hwk_h,L1,-0.18030851130497627,Nordic
SWE,hwk_h,L2,-0.20222620961397283,Nordic
SWE,SDLEFF,L0,0.1449395620046878,Nordic
SWE,SDLEFF,L1,0.09853244560766472,Nordic
SWE,SDLEFF,L2,0.09660574745488698,Nordic
SWE,MATHEFF,L0,0.42800669918028145,Nordic
SWE,MATHEFF,L1,0.373255935493849,Nordic
SWE,MATHEFF,L2,0.4020768901560889,Nordic
SWE,MATHMOT,L0,0.1517163721289112,Nordic
SWE,MATHMOT,L1,0.1600602182406891,Nordic
SWE,MATHMOT,L2,0.14131408201016887,Nordic
TAP,hwk_h,L0,0.21604062867721527,East Asia
TAP,hwk_h,L1,0.15664478528978112,East Asia
TAP,hwk_h,L2,0.14622453330060117,East Asia
TAP,SDLEFF,L0,0.17289999557932034,East Asia
TAP,SDLEFF,L1,0.08162263540194208,East Asia
TAP,SDLEFF,L2,0.09675553190925244,East Asia
TAP,MATHEFF,L0,0.48060876222949067,East Asia
TAP,MATHEFF,L1,0.41231058821068706,East Asia
TAP,MATHEFF,L2,0.41057594553734866,East Asia
TAP,MATHMOT,L0,0.16089248676827875,East Asia
TAP,MATHMOT,L1,0.13529365392283974,East Asia
TAP,MATHMOT,L2,0.05247262331772357,East Asia
THA,hwk_h,L0,0.03890722688185343,Non-OECD
THA,hwk_h,L1,0.028074750988198116,Non-OECD
THA,hwk_h,L2,0.03240451586861318,Non-OECD
THA,SDLEFF,L0,0.1759863487307001,Non-OECD
THA,SDLEFF,L1,0.12030690059503756,Non-OECD
THA,SDLEFF,L2,0.1267846833086011,Non-OECD
THA,MATHEFF,L0,NA,Non-OECD
THA,MATHEFF,L1,NA,Non-OECD
THA,MATHEFF,L2,NA,Non-OECD
THA,MATHMOT,L0,0.04930592556365101,Non-OECD
THA,MATHMOT,L1,0.04975246326583593,Non-OECD
THA,MATHMOT,L2,-0.02144712185972267,Non-OECD
TUR,hwk_h,L0,0.07921018484735125,OECD (other)
TUR,hwk_h,L1,0.06502938316401714,OECD (other)
TUR,hwk_h,L2,0.07113649218233632,OECD (other)
TUR,SDLEFF,L0,0.08583914775148942,OECD (other)
TUR,SDLEFF,L1,0.051544766781035485,OECD (other)
TUR,SDLEFF,L2,0.04226525739379417,OECD (other)
TUR,MATHEFF,L0,0.3047196435598955,OECD (other)
TUR,MATHEFF,L1,0.265186315998278,OECD (other)
TUR,MATHEFF,L2,0.2793689010653252,OECD (other)
TUR,MATHMOT,L0,0.02316780445177389,OECD (other)
TUR,MATHMOT,L1,0.062271363687963426,OECD (other)
TUR,MATHMOT,L2,0.08173590109605379,OECD (other)
URY,hwk_h,L0,-0.040081904939049534,Non-OECD
URY,hwk_h,L1,-0.027955099189662744,Non-OECD
URY,hwk_h,L2,-0.045121466414660645,Non-OECD
URY,SDLEFF,L0,0.140600117412944,Non-OECD
URY,SDLEFF,L1,0.08732368646278686,Non-OECD
URY,SDLEFF,L2,0.09684576885734711,Non-OECD
URY,MATHEFF,L0,0.24556458944815338,Non-OECD
URY,MATHEFF,L1,0.1871282854722765,Non-OECD
URY,MATHEFF,L2,0.1982286200302535,Non-OECD
URY,MATHMOT,L0,0.03261188362123181,Non-OECD
URY,MATHMOT,L1,0.049595358821355115,Non-OECD
URY,MATHMOT,L2,0.08036478671754778,Non-OECD
USA,hwk_h,L0,-0.01864108556785049,OECD (other)
USA,hwk_h,L1,-0.03390990322305056,OECD (other)
USA,hwk_h,L2,-0.04338722981324053,OECD (other)
USA,SDLEFF,L0,0.11533814896778134,OECD (other)
USA,SDLEFF,L1,0.059419079571008844,OECD (other)
USA,SDLEFF,L2,0.06808572623685895,OECD (other)
USA,MATHEFF,L0,0.4253203656732924,OECD (other)
USA,MATHEFF,L1,0.3475575796736952,OECD (other)
USA,MATHEFF,L2,0.3613286047018665,OECD (other)
USA,MATHMOT,L0,0.1288442991561893,OECD (other)
USA,MATHMOT,L1,0.1735853109026293,OECD (other)
USA,MATHMOT,L2,0.28419096864279647,OECD (other)
UZB,hwk_h,L0,-0.009674791741198807,Non-OECD
UZB,hwk_h,L1,-0.010321872356118736,Non-OECD
UZB,hwk_h,L2,-0.008727769797229008,Non-OECD
UZB,SDLEFF,L0,0.03835962141589844,Non-OECD
UZB,SDLEFF,L1,0.03696933325467432,Non-OECD
UZB,SDLEFF,L2,0.04267746904234614,Non-OECD
UZB,MATHEFF,L0,0.11601233627250515,Non-OECD
UZB,MATHEFF,L1,0.10587309490698164,Non-OECD
UZB,MATHEFF,L2,0.11986587570685525,Non-OECD
UZB,MATHMOT,L0,0.2999718119193395,Non-OECD
UZB,MATHMOT,L1,0.26843423902454155,Non-OECD
UZB,MATHMOT,L2,0.26427170379459536,Non-OECD
VNM,hwk_h,L0,0.17495600522079677,East Asia
VNM,hwk_h,L1,0.12627186803793902,East Asia
VNM,hwk_h,L2,0.15029106220367236,East Asia
VNM,SDLEFF,L0,0.11139784257048566,East Asia
VNM,SDLEFF,L1,0.054288682980509956,East Asia
VNM,SDLEFF,L2,0.04812016977926938,East Asia
VNM,MATHEFF,L0,0.29985826239509156,East Asia
VNM,MATHEFF,L1,0.2439973646659879,East Asia
VNM,MATHEFF,L2,0.25086198082076616,East Asia
VNM,MATHMOT,L0,NA,East Asia
VNM,MATHMOT,L1,NA,East Asia
VNM,MATHMOT,L2,NA,East Asia
AUS,hwk_h,L3,0.10762570359717866,OECD (other)
AUS,SDLEFF,L3,0.14976326060876113,OECD (other)
AUS,MATHEFF,L3,0.4326085612774465,OECD (other)
AUS,MATHMOT,L3,0.0916328185155811,OECD (other)
AUT,hwk_h,L3,-0.11837595322200473,OECD (other)
AUT,SDLEFF,L3,0.15665794740129307,OECD (other)
AUT,MATHEFF,L3,0.3042636339083963,OECD (other)
AUT,MATHMOT,L3,-0.0030635836987748626,OECD (other)
BEL,hwk_h,L3,-0.011649071695696981,OECD (other)
BEL,SDLEFF,L3,0.07606014132075739,OECD (other)
BEL,MATHEFF,L3,0.259235746193428,OECD (other)
BEL,MATHMOT,L3,0.1553328585361006,OECD (other)
CAN,hwk_h,L3,-0.02884057001910835,OECD (other)
CAN,SDLEFF,L3,0.10921954826997485,OECD (other)
CAN,MATHEFF,L3,0.36453745104300583,OECD (other)
CAN,MATHMOT,L3,0.07516123390438398,OECD (other)
CHE,hwk_h,L3,-0.17104165652694336,OECD (other)
CHE,SDLEFF,L3,0.12443879202161959,OECD (other)
CHE,MATHEFF,L3,0.3477666223635608,OECD (other)
CHE,MATHMOT,L3,0.17819841546077536,OECD (other)
CHL,hwk_h,L3,-0.0274300702709424,OECD (other)
CHL,SDLEFF,L3,0.049955516517152146,OECD (other)
CHL,MATHEFF,L3,0.14543527212828047,OECD (other)
CHL,MATHMOT,L3,0.029706818327490926,OECD (other)
COL,hwk_h,L3,0.017716069342282665,OECD (other)
COL,SDLEFF,L3,0.09698046191886192,OECD (other)
COL,MATHEFF,L3,0.15143028544999598,OECD (other)
COL,MATHMOT,L3,0.08889969501002974,OECD (other)
CZE,hwk_h,L3,-0.15090975271124732,OECD (other)
CZE,SDLEFF,L3,NA,OECD (other)
CZE,MATHEFF,L3,0.3399935197805577,OECD (other)
CZE,MATHMOT,L3,0.22518282480331978,OECD (other)
DEU,hwk_h,L3,-0.14502592594145816,OECD (other)
DEU,SDLEFF,L3,0.1242650695365257,OECD (other)
DEU,MATHEFF,L3,0.3109286735798061,OECD (other)
DEU,MATHMOT,L3,0.20805791580687133,OECD (other)
DNK,hwk_h,L3,-0.13858861419858667,Nordic
DNK,SDLEFF,L3,NA,Nordic
DNK,MATHEFF,L3,0.3505513923696317,Nordic
DNK,MATHMOT,L3,0.2708775161770506,Nordic
ESP,hwk_h,L3,-0.0865754274180835,OECD (other)
ESP,SDLEFF,L3,0.08560807568377261,OECD (other)
ESP,MATHEFF,L3,0.2652945208970112,OECD (other)
ESP,MATHMOT,L3,0.012666337887777993,OECD (other)
EST,hwk_h,L3,-0.13464070193829772,OECD (other)
EST,SDLEFF,L3,0.13034027745699373,OECD (other)
EST,MATHEFF,L3,0.34298439551195203,OECD (other)
EST,MATHMOT,L3,0.031607818878635945,OECD (other)
FIN,hwk_h,L3,-0.15125660709848557,Nordic
FIN,SDLEFF,L3,0.15699974778698522,Nordic
FIN,MATHEFF,L3,0.33879565878193746,Nordic
FIN,MATHMOT,L3,0.31198945940101297,Nordic
FRA,hwk_h,L3,-0.06879429880277191,OECD (other)
FRA,SDLEFF,L3,0.08538380520379635,OECD (other)
FRA,MATHEFF,L3,0.3104328030560422,OECD (other)
FRA,MATHMOT,L3,0.08362950697266064,OECD (other)
GBR,hwk_h,L3,0.0054146938546361404,OECD (other)
GBR,SDLEFF,L3,0.08533019562600784,OECD (other)
GBR,MATHEFF,L3,0.43017317914411174,OECD (other)
GBR,MATHMOT,L3,0.09790050682751092,OECD (other)
GRC,hwk_h,L3,0.04600723832840142,OECD (other)
GRC,SDLEFF,L3,0.08718728765346835,OECD (other)
GRC,MATHEFF,L3,0.28759784503232183,OECD (other)
GRC,MATHMOT,L3,-0.019719653373807395,OECD (other)
HKG,hwk_h,L3,-0.01070906186796548,East Asia
HKG,SDLEFF,L3,0.11832566642503332,East Asia
HKG,MATHEFF,L3,0.3271794028390387,East Asia
HKG,MATHMOT,L3,0.1376439072852771,East Asia
HUN,hwk_h,L3,-0.11226626448878062,OECD (other)
HUN,SDLEFF,L3,0.11972908061878494,OECD (other)
HUN,MATHEFF,L3,0.3439263722012484,OECD (other)
HUN,MATHMOT,L3,0.37905978891401826,OECD (other)
IRL,hwk_h,L3,-0.014354861009458379,OECD (other)
IRL,SDLEFF,L3,0.09216200071474094,OECD (other)
IRL,MATHEFF,L3,0.3601598781117648,OECD (other)
IRL,MATHMOT,L3,0.19137740399354725,OECD (other)
ISL,hwk_h,L3,-0.05882872660824336,Nordic
ISL,SDLEFF,L3,0.13233639997817254,Nordic
ISL,MATHEFF,L3,0.29942341584374793,Nordic
ISL,MATHMOT,L3,0.2599016484790403,Nordic
ISR,hwk_h,L3,0.027246733998021005,OECD (other)
ISR,SDLEFF,L3,0.10363685454482778,OECD (other)
ISR,MATHEFF,L3,0.26051589213777687,OECD (other)
ISR,MATHMOT,L3,0.21949213795239583,OECD (other)
ITA,hwk_h,L3,-0.008650985722007313,OECD (other)
ITA,SDLEFF,L3,0.14286049001693107,OECD (other)
ITA,MATHEFF,L3,0.34990467530778224,OECD (other)
ITA,MATHMOT,L3,-0.007529260832739882,OECD (other)
KOR,hwk_h,L3,0.18521545281590998,East Asia
KOR,SDLEFF,L3,0.1753729493659243,East Asia
KOR,MATHEFF,L3,0.40965257677584455,East Asia
KOR,MATHMOT,L3,-0.0072794651796970885,East Asia
LTU,hwk_h,L3,-0.05358010564298636,OECD (other)
LTU,SDLEFF,L3,0.0958779642482932,OECD (other)
LTU,MATHEFF,L3,0.3081582645219598,OECD (other)
LTU,MATHMOT,L3,-1.6463880151531006e-4,OECD (other)
LVA,hwk_h,L3,-0.08106187078937285,OECD (other)
LVA,SDLEFF,L3,0.07379633222303489,OECD (other)
LVA,MATHEFF,L3,0.30598031187490204,OECD (other)
LVA,MATHMOT,L3,0.09123480684639698,OECD (other)
MAC,hwk_h,L3,-0.035899550958521806,East Asia
MAC,SDLEFF,L3,0.1536436376425075,East Asia
MAC,MATHEFF,L3,0.33522303772028855,East Asia
MAC,MATHMOT,L3,-0.04798888539824373,East Asia
MEX,hwk_h,L3,0.030722776224627563,OECD (other)
MEX,SDLEFF,L3,0.06889116936880224,OECD (other)
MEX,MATHEFF,L3,0.174779373269148,OECD (other)
MEX,MATHMOT,L3,-0.0467080333454535,OECD (other)
NLD,hwk_h,L3,0.03147930928110448,OECD (other)
NLD,SDLEFF,L3,0.09503721533206734,OECD (other)
NLD,MATHEFF,L3,0.3348920953508687,OECD (other)
NLD,MATHMOT,L3,-0.01103826803123383,OECD (other)
NZL,hwk_h,L3,0.047809057291331045,OECD (other)
NZL,SDLEFF,L3,0.12875183213526067,OECD (other)
NZL,MATHEFF,L3,0.42035823730805866,OECD (other)
NZL,MATHMOT,L3,0.012779235334232681,OECD (other)
POL,hwk_h,L3,-0.03190119574543337,OECD (other)
POL,SDLEFF,L3,0.020031066173924982,OECD (other)
POL,MATHEFF,L3,0.2764408488746244,OECD (other)
POL,MATHMOT,L3,0.3201983778541035,OECD (other)
PRT,hwk_h,L3,-0.0027327831583695054,OECD (other)
PRT,SDLEFF,L3,0.07253248473111608,OECD (other)
PRT,MATHEFF,L3,0.25475252871171156,OECD (other)
PRT,MATHMOT,L3,0.10259943841292295,OECD (other)
SGP,hwk_h,L3,0.06355360465415474,East Asia
SGP,SDLEFF,L3,NA,East Asia
SGP,MATHEFF,L3,0.40985845622111194,East Asia
SGP,MATHMOT,L3,0.04235906893326822,East Asia
SVK,hwk_h,L3,-0.08536079939765963,OECD (other)
SVK,SDLEFF,L3,0.10945216770907201,OECD (other)
SVK,MATHEFF,L3,0.25583737149676883,OECD (other)
SVK,MATHMOT,L3,-0.013396829742609319,OECD (other)
SVN,hwk_h,L3,-0.07493709085707363,OECD (other)
SVN,SDLEFF,L3,0.05098831121587186,OECD (other)
SVN,MATHEFF,L3,0.25817753030237517,OECD (other)
SVN,MATHMOT,L3,0.12071342462560823,OECD (other)
SWE,hwk_h,L3,-0.18030851130497627,Nordic
SWE,SDLEFF,L3,0.09853244560766472,Nordic
SWE,MATHEFF,L3,0.373255935493849,Nordic
SWE,MATHMOT,L3,0.1600602182406891,Nordic
TAP,hwk_h,L3,0.15664478528978112,East Asia
TAP,SDLEFF,L3,0.08162263540194208,East Asia
TAP,MATHEFF,L3,0.41231058821068706,East Asia
TAP,MATHMOT,L3,0.13529365392283974,East Asia
TUR,hwk_h,L3,0.06502938316401714,OECD (other)
TUR,SDLEFF,L3,0.051544766781035485,OECD (other)
TUR,MATHEFF,L3,0.265186315998278,OECD (other)
TUR,MATHMOT,L3,0.062271363687963426,OECD (other)
USA,hwk_h,L3,-0.03390990322305056,OECD (other)
USA,SDLEFF,L3,0.059419079571008844,OECD (other)
USA,MATHEFF,L3,0.3475575796736952,OECD (other)
USA,MATHMOT,L3,0.1735853109026293,OECD (other)
VNM,hwk_h,L3,0.12627186803793902,East Asia
VNM,SDLEFF,L3,0.054288682980509956,East Asia
VNM,MATHEFF,L3,0.2439973646659879,East Asia
VNM,MATHMOT,L3,NA,East Asia
